{"vegas": {"1": {"1": {"delay": 44.82, "loss": 0.0002867856772766908, "tput": 15.334691289889488}, "all": {"delay": 44.82, "loss": 0.0002867856772766908, "tput": 15.334691289889488}}}, "bbr": {"1": {"1": {"delay": 14.535, "loss": 0.00023167187985595472, "tput": 46.60866985406849}, "all": {"delay": 14.535, "loss": 0.00023167187985595472, "tput": 46.60866985406849}}}, "cubic": {"1": {"1": {"delay": 229.812, "loss": 0.0044309138943862125, "tput": 49.7788003490502}, "all": {"delay": 229.812, "loss": 0.0044309138943862125, "tput": 49.7788003490502}}}}