{"vegas": {"1": {"1": {"delay": 268.034, "loss": 0.0026218769411973097, "tput": 0.9914899259951651}, "all": {"delay": 268.034, "loss": 0.0026218769411973097, "tput": 0.9914899259951651}}}, "bbr": {"1": {"1": {"delay": 442.203, "loss": 0.004971743922043026, "tput": 0.9618928659732594}, "all": {"delay": 442.203, "loss": 0.004971743922043026, "tput": 0.9618928659732594}}}, "cubic": {"1": {"1": {"delay": 17499.521, "loss": 0.23127031660874509, "tput": 0.9943411147442782}, "all": {"delay": 17499.521, "loss": 0.23127031660874509, "tput": 0.9943411147442782}}}}