{"vegas": {"1": {"1": {"delay": 4.956, "loss": 7.146522287859725e-05, "tput": 11.190691899100923}, "all": {"delay": 4.956, "loss": 7.146522287859725e-05, "tput": 11.190691899100923}}}, "bbr": {"1": {"1": {"delay": 18.973, "loss": 0.0002518752955337211, "tput": 11.903435636894939}, "all": {"delay": 18.973, "loss": 0.0002518752955337211, "tput": 11.903435636894939}}}, "cubic": {"1": {"1": {"delay": 1692.246, "loss": 0.03161852061367243, "tput": 11.91018116449958}, "all": {"delay": 1692.246, "loss": 0.03161852061367243, "tput": 11.91018116449958}}}}